record_id,date_and_time,temperature,description
1,2017-11-01 00:00:00+00:00,276.15,broken_clouds
2,2017-11-01 01:00:00+00:00,275.7,scattered_clouds
3,2017-11-01 02:00:00+00:00,275.61,overcast_clouds
4,2017-11-01 03:00:00+00:00,275.35,broken_clouds
5,2017-11-01 04:00:00+00:00,275.24,broken_clouds
6,2017-11-01 05:00:00+00:00,275.05,overcast_clouds
7,2017-11-01 06:00:00+00:00,275.14,overcast_clouds
8,2017-11-01 07:00:00+00:00,275.23,overcast_clouds
9,2017-11-01 08:00:00+00:00,275.23,overcast_clouds
10,2017-11-01 09:00:00+00:00,275.32,overcast_clouds
11,2017-11-01 10:00:00+00:00,275.23,overcast_clouds
12,2017-11-01 11:00:00+00:00,275.51,overcast_clouds
13,2017-11-01 12:00:00+00:00,275.69,overcast_clouds
14,2017-11-01 13:00:00+00:00,275.79,overcast_clouds
15,2017-11-01 14:00:00+00:00,275.85,broken_clouds
16,2017-11-01 15:00:00+00:00,276.6,broken_clouds
17,2017-11-01 16:00:00+00:00,277.54,sky_is_clear
18,2017-11-01 17:00:00+00:00,278.32,overcast_clouds
19,2017-11-01 18:00:00+00:00,279.35,overcast_clouds
20,2017-11-01 19:00:00+00:00,279.52,overcast_clouds
21,2017-11-01 20:00:00+00:00,279.7,overcast_clouds
22,2017-11-01 21:00:00+00:00,279.34,mist
23,2017-11-01 22:00:00+00:00,278.93,mist
24,2017-11-01 23:00:00+00:00,278.51,mist
25,2017-11-02 00:00:00+00:00,278.32,mist
26,2017-11-02 01:00:00+00:00,278.42,mist
27,2017-11-02 02:00:00+00:00,278.85,drizzle
28,2017-11-02 03:00:00+00:00,279.06,light_rain
29,2017-11-02 04:00:00+00:00,279.55,light_rain
30,2017-11-02 05:00:00+00:00,279.75,light_rain
31,2017-11-02 06:00:00+00:00,280.35,light_rain
32,2017-11-02 07:00:00+00:00,280.6,moderate_rain
33,2017-11-02 08:00:00+00:00,280.84,fog
34,2017-11-02 09:00:00+00:00,281.13,fog
35,2017-11-02 10:00:00+00:00,281.34,fog
36,2017-11-02 11:00:00+00:00,281.54,fog
37,2017-11-02 12:00:00+00:00,281.44,light_rain
38,2017-11-02 13:00:00+00:00,281.94,fog
39,2017-11-02 14:00:00+00:00,281.92,fog
40,2017-11-02 15:00:00+00:00,282.34,light_intensity_drizzle
41,2017-11-02 16:00:00+00:00,282.54,light_intensity_drizzle
42,2017-11-02 17:00:00+00:00,283.33,mist
43,2017-11-02 18:00:00+00:00,283.63,mist
44,2017-11-02 19:00:00+00:00,283.54,light_intensity_drizzle
45,2017-11-02 20:00:00+00:00,283.25,moderate_rain
46,2017-11-02 21:00:00+00:00,282.94,light_rain
47,2017-11-02 22:00:00+00:00,283.04,drizzle
48,2017-11-02 23:00:00+00:00,282.84,drizzle
49,2017-11-03 00:00:00+00:00,282.68,moderate_rain
50,2017-11-03 01:00:00+00:00,282.41,mist
51,2017-11-03 02:00:00+00:00,282.03,mist
52,2017-11-03 03:00:00+00:00,282.04,mist
53,2017-11-03 04:00:00+00:00,282.04,mist
54,2017-11-03 05:00:00+00:00,281.65,mist
55,2017-11-03 06:00:00+00:00,281.14,mist
56,2017-11-03 07:00:00+00:00,280.96,mist
57,2017-11-03 08:00:00+00:00,280.59,mist
58,2017-11-03 09:00:00+00:00,279.96,mist
59,2017-11-03 10:00:00+00:00,278.85,mist
60,2017-11-03 11:00:00+00:00,278.22,overcast_clouds
61,2017-11-03 12:00:00+00:00,277.68,overcast_clouds
62,2017-11-03 13:00:00+00:00,277.32,overcast_clouds
63,2017-11-03 14:00:00+00:00,277.68,mist
64,2017-11-03 15:00:00+00:00,278.32,overcast_clouds
65,2017-11-03 16:00:00+00:00,279.12,overcast_clouds
66,2017-11-03 17:00:00+00:00,279.71,overcast_clouds
67,2017-11-03 18:00:00+00:00,280.86,overcast_clouds
68,2017-11-03 19:00:00+00:00,281.3,overcast_clouds
69,2017-11-03 20:00:00+00:00,281.78,overcast_clouds
70,2017-11-03 21:00:00+00:00,282.14,broken_clouds
71,2017-11-03 22:00:00+00:00,281.64,broken_clouds
72,2017-11-03 23:00:00+00:00,281.04,broken_clouds
73,2017-11-04 00:00:00+00:00,280.69,broken_clouds
74,2017-11-04 01:00:00+00:00,279.95,broken_clouds
75,2017-11-04 02:00:00+00:00,280.04,scattered_clouds
76,2017-11-04 03:00:00+00:00,279.67,few_clouds
77,2017-11-04 04:00:00+00:00,279.68,sky_is_clear
78,2017-11-04 05:00:00+00:00,279.59,sky_is_clear
79,2017-11-04 06:00:00+00:00,279.41,sky_is_clear
80,2017-11-04 07:00:00+00:00,279.06,sky_is_clear
81,2017-11-04 08:00:00+00:00,278.88,sky_is_clear
82,2017-11-04 09:00:00+00:00,279.34,sky_is_clear
83,2017-11-04 10:00:00+00:00,279.86,sky_is_clear
84,2017-11-04 11:00:00+00:00,280.16,broken_clouds
85,2017-11-04 12:00:00+00:00,280.15,mist
86,2017-11-04 13:00:00+00:00,279.75,mist
87,2017-11-04 14:00:00+00:00,279.85,light_intensity_drizzle
88,2017-11-04 15:00:00+00:00,279.75,mist
89,2017-11-04 16:00:00+00:00,279.78,thunderstorm_with_drizzle
90,2017-11-04 17:00:00+00:00,280.45,proximity_thunderstorm
91,2017-11-04 18:00:00+00:00,280.69,light_rain
92,2017-11-04 19:00:00+00:00,280.79,mist
93,2017-11-04 20:00:00+00:00,281.15,mist
94,2017-11-04 21:00:00+00:00,281.15,mist
95,2017-11-04 22:00:00+00:00,281.6,mist
96,2017-11-04 23:00:00+00:00,281.87,fog
97,2017-11-05 00:00:00+00:00,282.14,mist
98,2017-11-05 01:00:00+00:00,282.24,moderate_rain
99,2017-11-05 02:00:00+00:00,282.77,fog
100,2017-11-05 03:00:00+00:00,283.23,fog
101,2017-11-05 04:00:00+00:00,283.25,light_rain
102,2017-11-05 05:00:00+00:00,283.42,moderate_rain
103,2017-11-05 06:00:00+00:00,283.23,fog
104,2017-11-05 07:00:00+00:00,283.33,fog
105,2017-11-05 08:00:00+00:00,283.24,light_intensity_drizzle
106,2017-11-05 09:00:00+00:00,283.25,fog
107,2017-11-05 10:00:00+00:00,283.15,fog
108,2017-11-05 11:00:00+00:00,283.14,fog
109,2017-11-05 12:00:00+00:00,283.14,fog
110,2017-11-05 13:00:00+00:00,283.04,drizzle
111,2017-11-05 14:00:00+00:00,283.05,moderate_rain
112,2017-11-05 15:00:00+00:00,283.49,fog
113,2017-11-05 16:00:00+00:00,283.51,proximity_thunderstorm
114,2017-11-05 17:00:00+00:00,283.44,light_intensity_drizzle
115,2017-11-05 18:00:00+00:00,283.88,proximity_thunderstorm_with_rain
116,2017-11-05 19:00:00+00:00,283.44,proximity_thunderstorm
117,2017-11-05 20:00:00+00:00,284.05,light_rain
118,2017-11-05 21:00:00+00:00,283.88,mist
119,2017-11-05 22:00:00+00:00,283.78,mist
120,2017-11-05 23:00:00+00:00,283.75,overcast_clouds
121,2017-11-06 00:00:00+00:00,283.51,overcast_clouds
122,2017-11-06 01:00:00+00:00,283.15,overcast_clouds
123,2017-11-06 02:00:00+00:00,283.15,overcast_clouds
124,2017-11-06 03:00:00+00:00,282.79,overcast_clouds
125,2017-11-06 04:00:00+00:00,282.6,overcast_clouds
126,2017-11-06 05:00:00+00:00,281.78,overcast_clouds
127,2017-11-06 06:00:00+00:00,280.96,overcast_clouds
128,2017-11-06 07:00:00+00:00,279.51,overcast_clouds
129,2017-11-06 08:00:00+00:00,277.62,overcast_clouds
130,2017-11-06 09:00:00+00:00,277.23,broken_clouds
131,2017-11-06 10:00:00+00:00,276.14,overcast_clouds
132,2017-11-06 11:00:00+00:00,275.11,broken_clouds
133,2017-11-06 12:00:00+00:00,274.67,overcast_clouds
134,2017-11-06 13:00:00+00:00,273.91,overcast_clouds
135,2017-11-06 14:00:00+00:00,273.51,broken_clouds
136,2017-11-06 15:00:00+00:00,274.91,broken_clouds
137,2017-11-06 16:00:00+00:00,276.01,broken_clouds
138,2017-11-06 17:00:00+00:00,277.76,broken_clouds
139,2017-11-06 18:00:00+00:00,278.32,broken_clouds
140,2017-11-06 19:00:00+00:00,278.32,broken_clouds
141,2017-11-06 20:00:00+00:00,278.33,broken_clouds
142,2017-11-06 21:00:00+00:00,278.14,sky_is_clear
143,2017-11-06 22:00:00+00:00,278.82,broken_clouds
144,2017-11-06 23:00:00+00:00,277.7,broken_clouds
145,2017-11-07 00:00:00+00:00,277.15,scattered_clouds
146,2017-11-07 01:00:00+00:00,277.05,broken_clouds
147,2017-11-07 02:00:00+00:00,277.24,overcast_clouds
148,2017-11-07 03:00:00+00:00,277.24,overcast_clouds
149,2017-11-07 04:00:00+00:00,277.63,broken_clouds
150,2017-11-07 05:00:00+00:00,277.49,overcast_clouds
151,2017-11-07 06:00:00+00:00,277.4,overcast_clouds
152,2017-11-07 07:00:00+00:00,277.49,broken_clouds
153,2017-11-07 08:00:00+00:00,277.21,overcast_clouds
154,2017-11-07 09:00:00+00:00,277.04,scattered_clouds
155,2017-11-07 10:00:00+00:00,276.04,broken_clouds
156,2017-11-07 11:00:00+00:00,275.63,overcast_clouds
157,2017-11-07 12:00:00+00:00,275.33,overcast_clouds
158,2017-11-07 13:00:00+00:00,275.33,overcast_clouds
159,2017-11-07 14:00:00+00:00,276.49,overcast_clouds
160,2017-11-07 15:00:00+00:00,277.75,broken_clouds
161,2017-11-07 16:00:00+00:00,279.59,overcast_clouds
162,2017-11-07 17:00:00+00:00,280.05,broken_clouds
163,2017-11-07 18:00:00+00:00,280.54,broken_clouds
164,2017-11-07 19:00:00+00:00,280.24,broken_clouds
165,2017-11-07 20:00:00+00:00,280.34,scattered_clouds
166,2017-11-07 21:00:00+00:00,280.35,overcast_clouds
167,2017-11-07 22:00:00+00:00,279.93,overcast_clouds
168,2017-11-07 23:00:00+00:00,279.24,light_rain
169,2017-11-08 00:00:00+00:00,277.94,light_rain
170,2017-11-08 01:00:00+00:00,277.41,overcast_clouds
171,2017-11-08 02:00:00+00:00,275.95,broken_clouds
172,2017-11-08 03:00:00+00:00,275.28,broken_clouds
173,2017-11-08 04:00:00+00:00,274.55,scattered_clouds
174,2017-11-08 05:00:00+00:00,273.23,sky_is_clear
175,2017-11-08 06:00:00+00:00,272.93,sky_is_clear
176,2017-11-08 07:00:00+00:00,272.49,sky_is_clear
177,2017-11-08 08:00:00+00:00,272.12,sky_is_clear
178,2017-11-08 09:00:00+00:00,271.67,sky_is_clear
179,2017-11-08 10:00:00+00:00,271.4,sky_is_clear
180,2017-11-08 11:00:00+00:00,270.84,mist
181,2017-11-08 12:00:00+00:00,271.25,mist
182,2017-11-08 13:00:00+00:00,270.31,mist
183,2017-11-08 14:00:00+00:00,270.93,mist
184,2017-11-08 15:00:00+00:00,273.76,mist
185,2017-11-08 16:00:00+00:00,276.41,sky_is_clear
186,2017-11-08 17:00:00+00:00,278.05,sky_is_clear
187,2017-11-08 18:00:00+00:00,279.44,sky_is_clear
188,2017-11-08 19:00:00+00:00,280.25,sky_is_clear
189,2017-11-08 20:00:00+00:00,280.94,sky_is_clear
190,2017-11-08 21:00:00+00:00,280.92,sky_is_clear
191,2017-11-08 22:00:00+00:00,280.7,sky_is_clear
192,2017-11-08 23:00:00+00:00,280.26,few_clouds
193,2017-11-09 00:00:00+00:00,278.16,sky_is_clear
194,2017-11-09 01:00:00+00:00,276.34,sky_is_clear
195,2017-11-09 02:00:00+00:00,275.34,sky_is_clear
196,2017-11-09 03:00:00+00:00,274.15,sky_is_clear
197,2017-11-09 04:00:00+00:00,273.06,mist
198,2017-11-09 05:00:00+00:00,273.07,sky_is_clear
199,2017-11-09 06:00:00+00:00,272.61,sky_is_clear
200,2017-11-09 07:00:00+00:00,272.98,mist
201,2017-11-09 08:00:00+00:00,273.345,sky_is_clear
202,2017-11-09 09:00:00+00:00,273.79,sky_is_clear
203,2017-11-09 10:00:00+00:00,274.25,sky_is_clear
204,2017-11-09 11:00:00+00:00,274.86,sky_is_clear
205,2017-11-09 12:00:00+00:00,275.43,overcast_clouds
206,2017-11-09 13:00:00+00:00,276.55,broken_clouds
207,2017-11-09 14:00:00+00:00,276.95,overcast_clouds
208,2017-11-09 15:00:00+00:00,277.59,overcast_clouds
209,2017-11-09 16:00:00+00:00,278.59,broken_clouds
210,2017-11-09 17:00:00+00:00,280.54,few_clouds
211,2017-11-09 18:00:00+00:00,280.55,broken_clouds
212,2017-11-09 19:00:00+00:00,280.16,overcast_clouds
213,2017-11-09 20:00:00+00:00,279.54,scattered_clouds
214,2017-11-09 21:00:00+00:00,279.35,few_clouds
215,2017-11-09 22:00:00+00:00,277.33,few_clouds
216,2017-11-09 23:00:00+00:00,276.43,scattered_clouds
217,2017-11-10 00:00:00+00:00,274.13,sky_is_clear
218,2017-11-10 01:00:00+00:00,273.5,few_clouds
219,2017-11-10 02:00:00+00:00,272.41,few_clouds
220,2017-11-10 03:00:00+00:00,271.04,few_clouds
221,2017-11-10 04:00:00+00:00,269.33,sky_is_clear
222,2017-11-10 05:00:00+00:00,268.59,sky_is_clear
223,2017-11-10 06:00:00+00:00,267.96,overcast_clouds
224,2017-11-10 07:00:00+00:00,267.22,overcast_clouds
225,2017-11-10 08:00:00+00:00,267.22,overcast_clouds
226,2017-11-10 09:00:00+00:00,266.55,overcast_clouds
227,2017-11-10 10:00:00+00:00,266.25,light_snow
228,2017-11-10 11:00:00+00:00,266.59,light_snow
229,2017-11-10 12:00:00+00:00,265.84,light_snow
230,2017-11-10 13:00:00+00:00,265.74,light_snow
231,2017-11-10 14:00:00+00:00,266.24,light_snow
232,2017-11-10 15:00:00+00:00,267.41,light_snow
233,2017-11-10 16:00:00+00:00,268.59,mist
234,2017-11-10 17:00:00+00:00,270.06,light_intensity_drizzle
235,2017-11-10 18:00:00+00:00,270.78,mist
236,2017-11-10 19:00:00+00:00,271.51,mist
237,2017-11-10 20:00:00+00:00,272.05,mist
238,2017-11-10 21:00:00+00:00,272.34,light_snow
239,2017-11-10 22:00:00+00:00,272.41,scattered_clouds
240,2017-11-10 23:00:00+00:00,271.96,overcast_clouds
241,2017-11-11 00:00:00+00:00,270.74,sky_is_clear
242,2017-11-11 01:00:00+00:00,270.94,broken_clouds
243,2017-11-11 02:00:00+00:00,270.6,broken_clouds
244,2017-11-11 03:00:00+00:00,270.42,broken_clouds
245,2017-11-11 04:00:00+00:00,270.15,broken_clouds
246,2017-11-11 05:00:00+00:00,269.87,sky_is_clear
247,2017-11-11 06:00:00+00:00,269.55,sky_is_clear
248,2017-11-11 07:00:00+00:00,269.69,sky_is_clear
249,2017-11-11 08:00:00+00:00,269.735,sky_is_clear
250,2017-11-11 09:00:00+00:00,269.79,sky_is_clear
251,2017-11-11 10:00:00+00:00,269.88,scattered_clouds
252,2017-11-11 11:00:00+00:00,269.65,broken_clouds
253,2017-11-11 12:00:00+00:00,269.86,sky_is_clear
254,2017-11-11 13:00:00+00:00,269.86,scattered_clouds
255,2017-11-11 14:00:00+00:00,270.45,overcast_clouds
256,2017-11-11 15:00:00+00:00,270.6,overcast_clouds
257,2017-11-11 16:00:00+00:00,271.15,overcast_clouds
258,2017-11-11 17:00:00+00:00,272.14,overcast_clouds
259,2017-11-11 18:00:00+00:00,273.13,overcast_clouds
260,2017-11-11 19:00:00+00:00,273.53,overcast_clouds
261,2017-11-11 20:00:00+00:00,274.5,overcast_clouds
262,2017-11-11 21:00:00+00:00,275.23,overcast_clouds
263,2017-11-11 22:00:00+00:00,275.24,overcast_clouds
264,2017-11-11 23:00:00+00:00,275.41,overcast_clouds
265,2017-11-12 00:00:00+00:00,275.42,overcast_clouds
266,2017-11-12 01:00:00+00:00,275.59,overcast_clouds
267,2017-11-12 02:00:00+00:00,275.65,overcast_clouds
268,2017-11-12 03:00:00+00:00,275.74,overcast_clouds
269,2017-11-12 04:00:00+00:00,275.96,overcast_clouds
270,2017-11-12 05:00:00+00:00,275.96,overcast_clouds
271,2017-11-12 06:00:00+00:00,275.86,drizzle
272,2017-11-12 07:00:00+00:00,275.87,light_rain
273,2017-11-12 08:00:00+00:00,275.65,light_rain
274,2017-11-12 09:00:00+00:00,275.69,light_rain
275,2017-11-12 10:00:00+00:00,275.55,mist
276,2017-11-12 11:00:00+00:00,275.42,mist
277,2017-11-12 12:00:00+00:00,275.5,mist
278,2017-11-12 13:00:00+00:00,275.55,light_rain
279,2017-11-12 14:00:00+00:00,275.69,light_rain
280,2017-11-12 15:00:00+00:00,276.14,mist
281,2017-11-12 16:00:00+00:00,276.44,mist
282,2017-11-12 17:00:00+00:00,277.14,light_intensity_drizzle
283,2017-11-12 18:00:00+00:00,276.85,light_snow
284,2017-11-12 19:00:00+00:00,276.75,mist
285,2017-11-12 20:00:00+00:00,276.7,mist
286,2017-11-12 21:00:00+00:00,276.42,drizzle
287,2017-11-12 22:00:00+00:00,276.6,drizzle
288,2017-11-12 23:00:00+00:00,276.51,light_rain
289,2017-11-13 00:00:00+00:00,276.33,light_rain
290,2017-11-13 01:00:00+00:00,276.15,mist
291,2017-11-13 02:00:00+00:00,276.15,mist
292,2017-11-13 03:00:00+00:00,276.06,mist
293,2017-11-13 04:00:00+00:00,275.96,mist
294,2017-11-13 05:00:00+00:00,275.97,mist
295,2017-11-13 06:00:00+00:00,275.96,mist
296,2017-11-13 07:00:00+00:00,276.05,mist
297,2017-11-13 08:00:00+00:00,275.66,mist
298,2017-11-13 09:00:00+00:00,275.06,mist
299,2017-11-13 10:00:00+00:00,273.89,mist
300,2017-11-13 11:00:00+00:00,273.07,fog
301,2017-11-13 12:00:00+00:00,273.16,fog
302,2017-11-13 13:00:00+00:00,272.06,fog
303,2017-11-13 14:00:00+00:00,272.42,fog
304,2017-11-13 15:00:00+00:00,274.42,haze
305,2017-11-13 16:00:00+00:00,275.76,haze
306,2017-11-13 17:00:00+00:00,277.4,mist
307,2017-11-13 18:00:00+00:00,277.77,mist
308,2017-11-13 19:00:00+00:00,278.04,mist
309,2017-11-13 20:00:00+00:00,278.04,mist
310,2017-11-13 21:00:00+00:00,277.95,mist
311,2017-11-13 22:00:00+00:00,277.77,mist
312,2017-11-13 23:00:00+00:00,277.43,mist
313,2017-11-14 00:00:00+00:00,276.75,haze
314,2017-11-14 01:00:00+00:00,275.96,haze
315,2017-11-14 02:00:00+00:00,275.75,mist
316,2017-11-14 03:00:00+00:00,275.69,mist
317,2017-11-14 04:00:00+00:00,275.33,mist
318,2017-11-14 05:00:00+00:00,274.42,mist
319,2017-11-14 06:00:00+00:00,273.78,mist
320,2017-11-14 07:00:00+00:00,273.24,mist
321,2017-11-14 08:00:00+00:00,272.75,mist
322,2017-11-14 09:00:00+00:00,272.69,fog
323,2017-11-14 10:00:00+00:00,272.24,fog
324,2017-11-14 11:00:00+00:00,272.23,fog
325,2017-11-14 12:00:00+00:00,272.15,fog
326,2017-11-14 13:00:00+00:00,272.32,mist
327,2017-11-14 14:00:00+00:00,273.45,mist
328,2017-11-14 15:00:00+00:00,275.85,mist
329,2017-11-14 16:00:00+00:00,277.23,mist
330,2017-11-14 17:00:00+00:00,280.14,haze
331,2017-11-14 18:00:00+00:00,281.14,haze
332,2017-11-14 19:00:00+00:00,281.32,haze
333,2017-11-14 20:00:00+00:00,281.93,haze
334,2017-11-14 21:00:00+00:00,282.14,haze
335,2017-11-14 22:00:00+00:00,282.23,haze
336,2017-11-14 23:00:00+00:00,282.15,haze
337,2017-11-15 00:00:00+00:00,281.79,overcast_clouds
338,2017-11-15 01:00:00+00:00,281.79,overcast_clouds
339,2017-11-15 02:00:00+00:00,281.79,overcast_clouds
340,2017-11-15 03:00:00+00:00,281.69,overcast_clouds
341,2017-11-15 04:00:00+00:00,281.69,overcast_clouds
342,2017-11-15 05:00:00+00:00,281.79,overcast_clouds
343,2017-11-15 06:00:00+00:00,281.88,overcast_clouds
344,2017-11-15 07:00:00+00:00,281.76,overcast_clouds
345,2017-11-15 08:00:00+00:00,281.688,overcast_clouds
346,2017-11-15 09:00:00+00:00,281.6,light_rain
347,2017-11-15 10:00:00+00:00,281.14,moderate_rain
348,2017-11-15 11:00:00+00:00,280.71,mist
349,2017-11-15 12:00:00+00:00,280.43,mist
350,2017-11-15 13:00:00+00:00,280.07,mist
351,2017-11-15 14:00:00+00:00,279.88,drizzle
352,2017-11-15 15:00:00+00:00,279.95,mist
353,2017-11-15 16:00:00+00:00,280.15,mist
354,2017-11-15 17:00:00+00:00,280.85,light_rain
355,2017-11-15 18:00:00+00:00,281.45,light_intensity_drizzle
356,2017-11-15 19:00:00+00:00,281.84,light_intensity_drizzle
357,2017-11-15 20:00:00+00:00,282.97,mist
358,2017-11-15 21:00:00+00:00,283.6,light_intensity_drizzle
359,2017-11-15 22:00:00+00:00,283.65,mist
360,2017-11-15 23:00:00+00:00,283.06,few_clouds
361,2017-11-16 00:00:00+00:00,281.61,sky_is_clear
362,2017-11-16 01:00:00+00:00,281.05,sky_is_clear
363,2017-11-16 02:00:00+00:00,278.71,overcast_clouds
364,2017-11-16 03:00:00+00:00,275.94,overcast_clouds
365,2017-11-16 04:00:00+00:00,274.86,overcast_clouds
366,2017-11-16 05:00:00+00:00,274.7,overcast_clouds
367,2017-11-16 06:00:00+00:00,274.78,overcast_clouds
368,2017-11-16 07:00:00+00:00,274.69,overcast_clouds
369,2017-11-16 08:00:00+00:00,274.33,overcast_clouds
370,2017-11-16 09:00:00+00:00,273.6,sky_is_clear
371,2017-11-16 10:00:00+00:00,273.51,sky_is_clear
372,2017-11-16 11:00:00+00:00,273.36,broken_clouds
373,2017-11-16 12:00:00+00:00,273.7,broken_clouds
374,2017-11-16 13:00:00+00:00,273.88,overcast_clouds
375,2017-11-16 14:00:00+00:00,274.14,overcast_clouds
376,2017-11-16 15:00:00+00:00,274.24,overcast_clouds
377,2017-11-16 16:00:00+00:00,274.54,overcast_clouds
378,2017-11-16 17:00:00+00:00,274.75,overcast_clouds
379,2017-11-16 18:00:00+00:00,275.35,overcast_clouds
380,2017-11-16 19:00:00+00:00,275.48,overcast_clouds
381,2017-11-16 20:00:00+00:00,275.97,overcast_clouds
382,2017-11-16 21:00:00+00:00,276.05,overcast_clouds
383,2017-11-16 22:00:00+00:00,276.06,overcast_clouds
384,2017-11-16 23:00:00+00:00,276.06,overcast_clouds
385,2017-11-17 00:00:00+00:00,275.96,overcast_clouds
386,2017-11-17 01:00:00+00:00,275.96,overcast_clouds
387,2017-11-17 02:00:00+00:00,275.96,overcast_clouds
388,2017-11-17 03:00:00+00:00,275.96,overcast_clouds
389,2017-11-17 04:00:00+00:00,275.87,overcast_clouds
390,2017-11-17 05:00:00+00:00,275.65,overcast_clouds
391,2017-11-17 06:00:00+00:00,275.65,overcast_clouds
392,2017-11-17 07:00:00+00:00,275.55,overcast_clouds
393,2017-11-17 08:00:00+00:00,275.55,overcast_clouds
394,2017-11-17 09:00:00+00:00,275.6,overcast_clouds
395,2017-11-17 10:00:00+00:00,275.52,overcast_clouds
396,2017-11-17 11:00:00+00:00,275.42,scattered_clouds
397,2017-11-17 12:00:00+00:00,275.24,mist
398,2017-11-17 13:00:00+00:00,274.7,mist
399,2017-11-17 14:00:00+00:00,274.78,mist
400,2017-11-17 15:00:00+00:00,275.56,haze
401,2017-11-17 16:00:00+00:00,276.32,haze
402,2017-11-17 17:00:00+00:00,277.41,haze
403,2017-11-17 18:00:00+00:00,278.05,overcast_clouds
404,2017-11-17 19:00:00+00:00,278.78,overcast_clouds
405,2017-11-17 20:00:00+00:00,279.41,moderate_rain
406,2017-11-17 21:00:00+00:00,278.79,light_intensity_drizzle
407,2017-11-17 22:00:00+00:00,278.69,proximity_thunderstorm
408,2017-11-17 23:00:00+00:00,278.96,haze
409,2017-11-18 00:00:00+00:00,279.04,light_rain
410,2017-11-18 01:00:00+00:00,278.74,thunderstorm_with_light_rain
411,2017-11-18 02:00:00+00:00,279.42,light_intensity_drizzle
412,2017-11-18 03:00:00+00:00,279.64,mist
413,2017-11-18 04:00:00+00:00,280.54,mist
414,2017-11-18 05:00:00+00:00,281.14,mist
415,2017-11-18 06:00:00+00:00,281.25,drizzle
416,2017-11-18 07:00:00+00:00,281.35,moderate_rain
417,2017-11-18 08:00:00+00:00,281.25,light_rain
418,2017-11-18 09:00:00+00:00,281.45,light_rain
419,2017-11-18 10:00:00+00:00,281.35,moderate_rain
420,2017-11-18 11:00:00+00:00,281.03,mist
421,2017-11-18 12:00:00+00:00,281.04,heavy_intensity_rain
422,2017-11-18 13:00:00+00:00,280.32,proximity_thunderstorm_with_rain
423,2017-11-18 14:00:00+00:00,279.6,mist
424,2017-11-18 15:00:00+00:00,279.43,mist
425,2017-11-18 16:00:00+00:00,278.44,proximity_thunderstorm
426,2017-11-18 17:00:00+00:00,277.96,thunderstorm_with_rain
427,2017-11-18 18:00:00+00:00,277.23,light_snow
428,2017-11-18 19:00:00+00:00,276.62,light_snow
429,2017-11-18 20:00:00+00:00,275.74,light_snow
430,2017-11-18 21:00:00+00:00,276.45,moderate_rain
431,2017-11-18 22:00:00+00:00,277.04,light_rain
432,2017-11-18 23:00:00+00:00,277.25,light_rain
433,2017-11-19 00:00:00+00:00,277.35,overcast_clouds
434,2017-11-19 01:00:00+00:00,277.35,overcast_clouds
435,2017-11-19 02:00:00+00:00,277.05,overcast_clouds
436,2017-11-19 03:00:00+00:00,276.94,overcast_clouds
437,2017-11-19 04:00:00+00:00,276.96,overcast_clouds
438,2017-11-19 05:00:00+00:00,276.78,overcast_clouds
439,2017-11-19 06:00:00+00:00,276.24,overcast_clouds
440,2017-11-19 07:00:00+00:00,275.96,overcast_clouds
441,2017-11-19 08:00:00+00:00,275.69,overcast_clouds
442,2017-11-19 09:00:00+00:00,274.96,overcast_clouds
443,2017-11-19 10:00:00+00:00,274.33,overcast_clouds
444,2017-11-19 11:00:00+00:00,273.69,overcast_clouds
445,2017-11-19 12:00:00+00:00,273.05,overcast_clouds
446,2017-11-19 13:00:00+00:00,272.63,overcast_clouds
447,2017-11-19 14:00:00+00:00,271.85,scattered_clouds
448,2017-11-19 15:00:00+00:00,271.83,broken_clouds
449,2017-11-19 16:00:00+00:00,272.41,scattered_clouds
450,2017-11-19 17:00:00+00:00,272.7,scattered_clouds
451,2017-11-19 18:00:00+00:00,273.5,scattered_clouds
452,2017-11-19 19:00:00+00:00,273.97,scattered_clouds
453,2017-11-19 20:00:00+00:00,274.35,sky_is_clear
454,2017-11-19 21:00:00+00:00,274.78,broken_clouds
455,2017-11-19 22:00:00+00:00,274.69,broken_clouds
456,2017-11-19 23:00:00+00:00,273.96,scattered_clouds
457,2017-11-20 00:00:00+00:00,273.24,scattered_clouds
458,2017-11-20 01:00:00+00:00,272.78,sky_is_clear
459,2017-11-20 02:00:00+00:00,271.97,sky_is_clear
460,2017-11-20 03:00:00+00:00,271.69,sky_is_clear
461,2017-11-20 04:00:00+00:00,271.42,sky_is_clear
462,2017-11-20 05:00:00+00:00,271.51,sky_is_clear
463,2017-11-20 06:00:00+00:00,271.64,sky_is_clear
464,2017-11-20 07:00:00+00:00,272.33,sky_is_clear
465,2017-11-20 08:00:00+00:00,272.44,sky_is_clear
466,2017-11-20 09:00:00+00:00,271.95,sky_is_clear
467,2017-11-20 10:00:00+00:00,272.32,sky_is_clear
468,2017-11-20 11:00:00+00:00,272.86,sky_is_clear
469,2017-11-20 12:00:00+00:00,273.44,sky_is_clear
470,2017-11-20 13:00:00+00:00,273.31,scattered_clouds
471,2017-11-20 14:00:00+00:00,273.94,scattered_clouds
472,2017-11-20 15:00:00+00:00,275.43,sky_is_clear
473,2017-11-20 16:00:00+00:00,277.49,scattered_clouds
474,2017-11-20 17:00:00+00:00,279.34,sky_is_clear
475,2017-11-20 18:00:00+00:00,281.49,scattered_clouds
476,2017-11-20 19:00:00+00:00,282.64,sky_is_clear
477,2017-11-20 20:00:00+00:00,283.75,sky_is_clear
478,2017-11-20 21:00:00+00:00,284.55,sky_is_clear
479,2017-11-20 22:00:00+00:00,284.64,scattered_clouds
480,2017-11-20 23:00:00+00:00,283.86,scattered_clouds
481,2017-11-21 00:00:00+00:00,282.7,few_clouds
482,2017-11-21 01:00:00+00:00,281.65,sky_is_clear
483,2017-11-21 02:00:00+00:00,281.25,sky_is_clear
484,2017-11-21 03:00:00+00:00,280.98,scattered_clouds
485,2017-11-21 04:00:00+00:00,280.16,broken_clouds
486,2017-11-21 05:00:00+00:00,279.79,sky_is_clear
487,2017-11-21 06:00:00+00:00,279.95,sky_is_clear
488,2017-11-21 07:00:00+00:00,279.81,sky_is_clear
489,2017-11-21 08:00:00+00:00,279.43,sky_is_clear
490,2017-11-21 09:00:00+00:00,279.61,sky_is_clear
491,2017-11-21 10:00:00+00:00,279.52,sky_is_clear
492,2017-11-21 11:00:00+00:00,279.07,scattered_clouds
493,2017-11-21 12:00:00+00:00,278.61,sky_is_clear
494,2017-11-21 13:00:00+00:00,278.34,sky_is_clear
495,2017-11-21 14:00:00+00:00,278.51,broken_clouds
496,2017-11-21 15:00:00+00:00,279.26,broken_clouds
497,2017-11-21 16:00:00+00:00,279.65,moderate_rain
498,2017-11-21 17:00:00+00:00,279.26,light_rain
499,2017-11-21 18:00:00+00:00,278.55,light_rain
500,2017-11-21 19:00:00+00:00,278.15,light_rain
501,2017-11-21 20:00:00+00:00,276.98,light_rain
502,2017-11-21 21:00:00+00:00,276.04,light_rain
503,2017-11-21 22:00:00+00:00,275.77,scattered_clouds
504,2017-11-21 23:00:00+00:00,274.74,scattered_clouds
505,2017-11-22 00:00:00+00:00,273.54,scattered_clouds
506,2017-11-22 01:00:00+00:00,273.24,sky_is_clear
507,2017-11-22 02:00:00+00:00,272.78,sky_is_clear
508,2017-11-22 03:00:00+00:00,271.93,few_clouds
509,2017-11-22 04:00:00+00:00,271.84,scattered_clouds
510,2017-11-22 05:00:00+00:00,270.83,overcast_clouds
511,2017-11-22 06:00:00+00:00,270.8,scattered_clouds
512,2017-11-22 07:00:00+00:00,269.83,sky_is_clear
513,2017-11-22 08:00:00+00:00,269.23,scattered_clouds
514,2017-11-22 09:00:00+00:00,269.23,overcast_clouds
515,2017-11-22 10:00:00+00:00,268.77,sky_is_clear
516,2017-11-22 11:00:00+00:00,268.29,scattered_clouds
517,2017-11-22 12:00:00+00:00,267.52,scattered_clouds
518,2017-11-22 13:00:00+00:00,267.44,sky_is_clear
519,2017-11-22 14:00:00+00:00,267.43,sky_is_clear
520,2017-11-22 15:00:00+00:00,269.05,sky_is_clear
521,2017-11-22 16:00:00+00:00,270.24,sky_is_clear
522,2017-11-22 17:00:00+00:00,271.78,sky_is_clear
523,2017-11-22 18:00:00+00:00,272.43,few_clouds
524,2017-11-22 19:00:00+00:00,273.13,sky_is_clear
525,2017-11-22 20:00:00+00:00,273.94,few_clouds
526,2017-11-22 21:00:00+00:00,274.44,scattered_clouds
527,2017-11-22 22:00:00+00:00,274.15,sky_is_clear
528,2017-11-22 23:00:00+00:00,273.52,sky_is_clear
529,2017-11-23 00:00:00+00:00,272.61,broken_clouds
530,2017-11-23 01:00:00+00:00,272.42,broken_clouds
531,2017-11-23 02:00:00+00:00,272.54,overcast_clouds
532,2017-11-23 03:00:00+00:00,272.64,broken_clouds
533,2017-11-23 04:00:00+00:00,272.23,scattered_clouds
534,2017-11-23 05:00:00+00:00,272.05,broken_clouds
535,2017-11-23 06:00:00+00:00,272.69,broken_clouds
536,2017-11-23 07:00:00+00:00,272.87,overcast_clouds
537,2017-11-23 08:00:00+00:00,273.33,overcast_clouds
538,2017-11-23 09:00:00+00:00,273.32,overcast_clouds
539,2017-11-23 10:00:00+00:00,273.65,overcast_clouds
540,2017-11-23 11:00:00+00:00,273.65,overcast_clouds
541,2017-11-23 12:00:00+00:00,273.75,overcast_clouds
542,2017-11-23 13:00:00+00:00,274.15,overcast_clouds
543,2017-11-23 14:00:00+00:00,273.6,overcast_clouds
544,2017-11-23 15:00:00+00:00,274.54,broken_clouds
545,2017-11-23 16:00:00+00:00,276.14,few_clouds
546,2017-11-23 17:00:00+00:00,277.49,few_clouds
547,2017-11-23 18:00:00+00:00,278.86,sky_is_clear
548,2017-11-23 19:00:00+00:00,279.64,sky_is_clear
549,2017-11-23 20:00:00+00:00,280.59,sky_is_clear
550,2017-11-23 21:00:00+00:00,281.05,sky_is_clear
551,2017-11-23 22:00:00+00:00,280.87,sky_is_clear
552,2017-11-23 23:00:00+00:00,280.05,sky_is_clear
553,2017-11-24 00:00:00+00:00,277.61,sky_is_clear
554,2017-11-24 01:00:00+00:00,275.61,sky_is_clear
555,2017-11-24 02:00:00+00:00,274.86,sky_is_clear
556,2017-11-24 03:00:00+00:00,274.32,sky_is_clear
557,2017-11-24 04:00:00+00:00,274.14,mist
558,2017-11-24 05:00:00+00:00,273.69,sky_is_clear
559,2017-11-24 06:00:00+00:00,274.16,sky_is_clear
560,2017-11-24 07:00:00+00:00,272.88,sky_is_clear
561,2017-11-24 08:00:00+00:00,273.07,sky_is_clear
562,2017-11-24 09:00:00+00:00,273.42,sky_is_clear
563,2017-11-24 10:00:00+00:00,273.61,sky_is_clear
564,2017-11-24 11:00:00+00:00,273.69,sky_is_clear
565,2017-11-24 12:00:00+00:00,274.07,sky_is_clear
566,2017-11-24 13:00:00+00:00,274.61,sky_is_clear
567,2017-11-24 14:00:00+00:00,275.06,sky_is_clear
568,2017-11-24 15:00:00+00:00,277.41,sky_is_clear
569,2017-11-24 16:00:00+00:00,280.44,few_clouds
570,2017-11-24 17:00:00+00:00,282.94,sky_is_clear
571,2017-11-24 18:00:00+00:00,285.4,sky_is_clear
572,2017-11-24 19:00:00+00:00,287.5,sky_is_clear
573,2017-11-24 20:00:00+00:00,289.46,sky_is_clear
574,2017-11-24 21:00:00+00:00,289.7,sky_is_clear
575,2017-11-24 22:00:00+00:00,289.76,few_clouds
576,2017-11-24 23:00:00+00:00,288.35,few_clouds
577,2017-11-25 00:00:00+00:00,286.98,few_clouds
578,2017-11-25 01:00:00+00:00,286.26,few_clouds
579,2017-11-25 02:00:00+00:00,285.85,few_clouds
580,2017-11-25 03:00:00+00:00,285.37,scattered_clouds
581,2017-11-25 04:00:00+00:00,284.61,scattered_clouds
582,2017-11-25 05:00:00+00:00,283.61,sky_is_clear
583,2017-11-25 06:00:00+00:00,284.37,scattered_clouds
584,2017-11-25 07:00:00+00:00,284.16,scattered_clouds
585,2017-11-25 08:00:00+00:00,283.07,sky_is_clear
586,2017-11-25 09:00:00+00:00,282.6,sky_is_clear
587,2017-11-25 10:00:00+00:00,281.95,sky_is_clear
588,2017-11-25 11:00:00+00:00,279.75,sky_is_clear
589,2017-11-25 12:00:00+00:00,279.42,sky_is_clear
590,2017-11-25 13:00:00+00:00,278.32,few_clouds
591,2017-11-25 14:00:00+00:00,277.77,few_clouds
592,2017-11-25 15:00:00+00:00,278.67,sky_is_clear
593,2017-11-25 16:00:00+00:00,280.24,sky_is_clear
594,2017-11-25 17:00:00+00:00,281.05,few_clouds
595,2017-11-25 18:00:00+00:00,281.86,few_clouds
596,2017-11-25 19:00:00+00:00,282.58,sky_is_clear
597,2017-11-25 20:00:00+00:00,282.84,sky_is_clear
598,2017-11-25 21:00:00+00:00,283.14,sky_is_clear
599,2017-11-25 22:00:00+00:00,282.34,sky_is_clear
600,2017-11-25 23:00:00+00:00,281.34,sky_is_clear
601,2017-11-26 00:00:00+00:00,279.76,sky_is_clear
602,2017-11-26 01:00:00+00:00,278.55,sky_is_clear
603,2017-11-26 02:00:00+00:00,278.24,sky_is_clear
604,2017-11-26 03:00:00+00:00,277.64,sky_is_clear
605,2017-11-26 04:00:00+00:00,276.64,sky_is_clear
606,2017-11-26 05:00:00+00:00,276.24,sky_is_clear
607,2017-11-26 06:00:00+00:00,275.25,sky_is_clear
608,2017-11-26 07:00:00+00:00,273.86,sky_is_clear
609,2017-11-26 08:00:00+00:00,273.5,sky_is_clear
610,2017-11-26 09:00:00+00:00,271.53,sky_is_clear
611,2017-11-26 10:00:00+00:00,271.36,sky_is_clear
612,2017-11-26 11:00:00+00:00,270.86,sky_is_clear
613,2017-11-26 12:00:00+00:00,270.59,few_clouds
614,2017-11-26 13:00:00+00:00,269.96,few_clouds
615,2017-11-26 14:00:00+00:00,270.16,sky_is_clear
616,2017-11-26 15:00:00+00:00,271.48,few_clouds
617,2017-11-26 16:00:00+00:00,274.58,scattered_clouds
618,2017-11-26 17:00:00+00:00,276.59,scattered_clouds
619,2017-11-26 18:00:00+00:00,278.5,scattered_clouds
620,2017-11-26 19:00:00+00:00,280.23,few_clouds
621,2017-11-26 20:00:00+00:00,281.24,few_clouds
622,2017-11-26 21:00:00+00:00,282.24,few_clouds
623,2017-11-26 22:00:00+00:00,282.78,few_clouds
624,2017-11-26 23:00:00+00:00,281.76,scattered_clouds
625,2017-11-27 00:00:00+00:00,280.56,scattered_clouds
626,2017-11-27 01:00:00+00:00,279.52,sky_is_clear
627,2017-11-27 02:00:00+00:00,280.35,sky_is_clear
628,2017-11-27 03:00:00+00:00,280.32,sky_is_clear
629,2017-11-27 04:00:00+00:00,280.35,sky_is_clear
630,2017-11-27 05:00:00+00:00,278.89,sky_is_clear
631,2017-11-27 06:00:00+00:00,277.8,sky_is_clear
632,2017-11-27 07:00:00+00:00,276.52,sky_is_clear
633,2017-11-27 08:00:00+00:00,275.61,sky_is_clear
634,2017-11-27 09:00:00+00:00,275.06,sky_is_clear
635,2017-11-27 10:00:00+00:00,274.23,mist
636,2017-11-27 11:00:00+00:00,273.14,mist
637,2017-11-27 12:00:00+00:00,272.34,mist
638,2017-11-27 13:00:00+00:00,272.43,mist
639,2017-11-27 14:00:00+00:00,273.21,mist
640,2017-11-27 15:00:00+00:00,275.1,mist
641,2017-11-27 16:00:00+00:00,278.77,haze
642,2017-11-27 17:00:00+00:00,281.94,haze
643,2017-11-27 18:00:00+00:00,283.13,haze
644,2017-11-27 19:00:00+00:00,285.25,sky_is_clear
645,2017-11-27 20:00:00+00:00,286.54,sky_is_clear
646,2017-11-27 21:00:00+00:00,286.44,sky_is_clear
647,2017-11-27 22:00:00+00:00,286.14,broken_clouds
648,2017-11-27 23:00:00+00:00,285.44,broken_clouds
649,2017-11-28 00:00:00+00:00,283.39,broken_clouds
650,2017-11-28 01:00:00+00:00,284.53,broken_clouds
651,2017-11-28 02:00:00+00:00,284.73,overcast_clouds
652,2017-11-28 03:00:00+00:00,285.33,sky_is_clear
653,2017-11-28 04:00:00+00:00,285.32,sky_is_clear
654,2017-11-28 05:00:00+00:00,285.32,sky_is_clear
655,2017-11-28 06:00:00+00:00,284.96,sky_is_clear
656,2017-11-28 07:00:00+00:00,285.06,sky_is_clear
657,2017-11-28 08:00:00+00:00,284.42,sky_is_clear
658,2017-11-28 09:00:00+00:00,284.25,sky_is_clear
659,2017-11-28 10:00:00+00:00,283.98,sky_is_clear
660,2017-11-28 11:00:00+00:00,284.15,sky_is_clear
661,2017-11-28 12:00:00+00:00,283.79,sky_is_clear
662,2017-11-28 13:00:00+00:00,283.96,sky_is_clear
663,2017-11-28 14:00:00+00:00,284.05,few_clouds
664,2017-11-28 15:00:00+00:00,284.65,broken_clouds
665,2017-11-28 16:00:00+00:00,285.65,broken_clouds
666,2017-11-28 17:00:00+00:00,286.25,overcast_clouds
667,2017-11-28 18:00:00+00:00,287.5,broken_clouds
668,2017-11-28 19:00:00+00:00,289.05,overcast_clouds
669,2017-11-28 20:00:00+00:00,289.32,overcast_clouds
670,2017-11-28 21:00:00+00:00,289.54,broken_clouds
671,2017-11-28 22:00:00+00:00,288.95,overcast_clouds
672,2017-11-28 23:00:00+00:00,289.39,overcast_clouds
673,2017-11-29 00:00:00+00:00,287.04,overcast_clouds
674,2017-11-29 01:00:00+00:00,285.95,light_rain
675,2017-11-29 02:00:00+00:00,284.51,broken_clouds
676,2017-11-29 03:00:00+00:00,282.96,sky_is_clear
677,2017-11-29 04:00:00+00:00,282.04,scattered_clouds
678,2017-11-29 05:00:00+00:00,281.26,sky_is_clear
679,2017-11-29 06:00:00+00:00,280.06,sky_is_clear
680,2017-11-29 07:00:00+00:00,279.44,sky_is_clear
681,2017-11-29 08:00:00+00:00,277.69,sky_is_clear
682,2017-11-29 09:00:00+00:00,277.16,sky_is_clear
683,2017-11-29 10:00:00+00:00,275.97,sky_is_clear
684,2017-11-29 11:00:00+00:00,273.97,sky_is_clear
685,2017-11-29 12:00:00+00:00,274.08,sky_is_clear
686,2017-11-29 13:00:00+00:00,273.78,sky_is_clear
687,2017-11-29 14:00:00+00:00,273.26,sky_is_clear
688,2017-11-29 15:00:00+00:00,275.21,sky_is_clear
689,2017-11-29 16:00:00+00:00,278.03,sky_is_clear
690,2017-11-29 17:00:00+00:00,279.58,sky_is_clear
691,2017-11-29 18:00:00+00:00,280.31,few_clouds
692,2017-11-29 19:00:00+00:00,281.05,few_clouds
693,2017-11-29 20:00:00+00:00,281.34,few_clouds
694,2017-11-29 21:00:00+00:00,281.69,sky_is_clear
695,2017-11-29 22:00:00+00:00,281.07,few_clouds
696,2017-11-29 23:00:00+00:00,280.06,sky_is_clear
697,2017-11-30 00:00:00+00:00,278.46,sky_is_clear
